null_state_start,1686586054.7335305,null_state
null_state_end,1686586120.3516877,null_state
null_to_cold_process_start,1686586120.3723593,null_to_cold_process
null_to_cold_process_end,1686586120.7817852,null_to_cold_process
cold_to_null_process_start,1686586125.7869534,cold_to_null_process
cold_to_null_process_end,1686586132.043201,cold_to_null_process
warm_disk_state_start,1686586222.5737927,warm_disk_state
warm_disk_state_end,1686586288.0133498,warm_disk_state
warm_disk_to_warm_CPU_process_start,1686586288.0369987,warm_disk_to_warm_CPU_process
warm_disk_to_warm_CPU_process_end,1686586311.4883316,warm_disk_to_warm_CPU_process
warm_CPU_state_start,1686586311.4883342,warm_CPU_state
warm_CPU_state_end,1686586379.584743,warm_CPU_state
active_state_start,1686586409.6297784,active_state
active_state_end,1686586481.5004337,active_state
warm_CPU_to_warm_disk_process_start,1686586611.7263374,warm_CPU_to_warm_disk_process
warm_CPU_to_warm_disk_process_end,1686586644.5251358,warm_CPU_to_warm_disk_process
active_to_warm_disk_process_start,1686586664.5733821,active_to_warm_disk_process
active_to_warm_disk_process_end,1686586664.968791,active_to_warm_disk_process
warm_disk_to_cold_start,1686586664.9828982,warm_disk_to_cold
warm_disk_to_cold_end,1686586666.7834022,warm_disk_to_cold
cold_state_start,1686586676.7905858,cold_state
cold_state_end,1686586742.1351407,cold_state
cold_to_warm_disk_start,1686586742.1615396,cold_to_warm_disk
cold_to_warm_disk_end,1686587261.6706297,cold_to_warm_disk
